{
  "accuracy": [
    0.4047350585460663,
    0.6144306659698486,
    0.6843292117118835,
    0.7057496905326843,
    0.7057496905326843,
    0.7305524349212646,
    0.7564825415611267,
    0.7564825415611267,
    0.764374315738678,
    0.773393452167511,
    0.6302142143249512,
    0.6583991050720215,
    0.6753100156784058,
    0.7057496905326843,
    0.7057496905326843,
    0.7249154448509216,
    0.7373167872428894,
    0.7192784547805786,
    0.7429537773132324,
    0.7711386680603027,
    0.79368656873703,
    0.7779030203819275,
    0.8162344694137573,
    0.8049605488777161,
    0.799323558807373,
    0.8173618912696838,
    0.8297632336616516,
    0.8128523230552673,
    0.8229988813400269,
    0.8218714594841003,
    0.8556933403015137,
    0.8523111343383789,
    0.8376550078392029,
    0.8556933403015137,
    0.8478015661239624
  ],
  "loss": [
    1.80561363697052,
    1.1610114574432373,
    0.9721971154212952,
    0.8685774803161621,
    0.8704203963279724,
    0.7600712776184082,
    0.7489028573036194,
    0.7419114708900452,
    0.6949226260185242,
    0.656015932559967,
    1.174695372581482,
    1.011467695236206,
    0.9826703667640686,
    0.8832253813743591,
    0.8846457600593567,
    0.8759806752204895,
    0.7709588408470154,
    0.8097134232521057,
    0.7335913181304932,
    0.692631721496582,
    0.6415368914604187,
    0.6904878616333008,
    0.5652499198913574,
    0.5804485082626343,
    0.6088730096817017,
    0.5718446373939514,
    0.5086603760719299,
    0.5606364607810974,
    0.5275464057922363,
    0.5162604451179504,
    0.4852500557899475,
    0.46836817264556885,
    0.4786047041416168,
    0.4387809932231903,
    0.44156962633132935
  ],
  "val_accuracy": [
    0.18518517911434174,
    0.2469135820865631,
    0.5555555820465088,
    0.8333333134651184,
    0.845678985118866,
    0.7222222089767456,
    0.654321014881134,
    0.6666666865348816,
    0.6851851940155029,
    0.7839506268501282,
    0.9320987462997437,
    0.9753086566925049,
    0.9753086566925049,
    0.9814814925193787,
    0.9814814925193787,
    0.9753086566925049,
    0.9814814925193787,
    0.9753086566925049,
    0.9814814925193787,
    0.9814814925193787,
    0.9814814925193787,
    0.9814814925193787,
    0.9814814925193787,
    0.9814814925193787,
    0.9814814925193787,
    0.9814814925193787,
    0.9814814925193787,
    0.9814814925193787,
    0.9814814925193787,
    0.9814814925193787,
    0.9814814925193787,
    0.9876543283462524,
    0.9876543283462524,
    0.9876543283462524,
    0.9876543283462524
  ],
  "val_loss": [
    1.9813019037246704,
    2.1063551902770996,
    1.0912516117095947,
    0.4356316030025482,
    0.3619201183319092,
    0.6195209622383118,
    0.7172515392303467,
    0.7400826215744019,
    0.6885126233100891,
    0.5839291214942932,
    0.2630230784416199,
    0.19721637666225433,
    0.16677957773208618,
    0.14750108122825623,
    0.14159072935581207,
    0.14252935349941254,
    0.1344546377658844,
    0.12852945923805237,
    0.1346672773361206,
    0.1349811851978302,
    0.12815791368484497,
    0.12340665608644485,
    0.11863213777542114,
    0.11453547328710556,
    0.1134244054555893,
    0.11304882168769836,
    0.1135270744562149,
    0.11250752210617065,
    0.11139118671417236,
    0.10999774932861328,
    0.108431875705719,
    0.10753706097602844,
    0.10676807910203934,
    0.10507458448410034,
    0.10857170075178146
  ],
  "learning_rate": [
    0.0010000000474974513,
    0.0010000000474974513,
    0.0010000000474974513,
    0.0010000000474974513,
    0.0010000000474974513,
    0.0010000000474974513,
    0.0010000000474974513,
    0.0010000000474974513,
    0.0005000000237487257,
    0.0005000000237487257,
    9.999999747378752e-06,
    9.999999747378752e-06,
    9.999999747378752e-06,
    9.999999747378752e-06,
    9.999999747378752e-06,
    9.999999747378752e-06,
    9.999999747378752e-06,
    9.999999747378752e-06,
    9.999999747378752e-06,
    9.999999747378752e-06,
    9.999999747378752e-06,
    9.999999747378752e-06,
    9.999999747378752e-06,
    9.999999747378752e-06,
    9.999999747378752e-06,
    9.999999747378752e-06,
    9.999999747378752e-06,
    9.999999747378752e-06,
    9.999999747378752e-06,
    9.999999747378752e-06,
    9.999999747378752e-06,
    9.999999747378752e-06,
    9.999999747378752e-06,
    9.999999747378752e-06,
    9.999999747378752e-06
  ]
}